{"current":{"sections":{"16214099630eec9cc3":{"type":"slideshow","blocks":{"53960314-5eb5-4b20-9755-1250d14edd3c":{"type":"item","settings":{"title":"Lorem Ipsum","description":"<p>Salvatore Alessi e Giovanni Vezzosi<\/p>","actionButton":"Ascolta su Spotify","actionLink":"https:\/\/open.spotify.com\/track\/6x84YWVM4DEdBn0Xx6OmQ0?autoplay=true","image":"shopify:\/\/shop_images\/dj-making-music-on-mixer.jpg"}}},"block_order":["53960314-5eb5-4b20-9755-1250d14edd3c"],"settings":{}},"16214103457aee0d39":{"type":"featured-products","blocks":{"8b6cb1af-deae-4d40-8ef8-547ce666166c":{"type":"item","settings":{"product":"kit-led-2-lampade-h7"}},"c529e3e0-8f76-442d-8159-7c6010d7decd":{"type":"item","settings":{"product":"leather-anchor"}},"9ecb41ca-f2e7-4771-88b9-33d62267489f":{"type":"item","settings":{"product":"bangle-bracelet"}},"dda11fea-fd7e-4b4f-97d6-ac3e2e6a7420":{"type":"item","settings":{"product":"maglietta"}},"550b06ae-a767-452d-a36f-4f1648da4e49":{"type":"item","settings":{"product":"chain-bracelet"}},"eb317aa0-5c8e-47e0-a72d-1008d5eacc94":{"type":"item","settings":{"product":"dreamcatcher-pendant-necklace"}}},"block_order":["8b6cb1af-deae-4d40-8ef8-547ce666166c","c529e3e0-8f76-442d-8159-7c6010d7decd","9ecb41ca-f2e7-4771-88b9-33d62267489f","dda11fea-fd7e-4b4f-97d6-ac3e2e6a7420","550b06ae-a767-452d-a36f-4f1648da4e49","eb317aa0-5c8e-47e0-a72d-1008d5eacc94"],"settings":{"title":"Prodotti in Evidenza"}},"162141044380a7180d":{"type":"featured-collections","blocks":{"f79c04f9-41c9-4495-a248-f666ac4dba43":{"type":"item","settings":{"collection":"abbigliamento"}},"03dd3d87-3d56-49c1-9015-1af759648543":{"type":"item","settings":{"collection":"illuminazione"}},"d713ba0d-940b-4581-b445-7478ae405e96":{"type":"item","settings":{"collection":"gioielli"}}},"block_order":["f79c04f9-41c9-4495-a248-f666ac4dba43","03dd3d87-3d56-49c1-9015-1af759648543","d713ba0d-940b-4581-b445-7478ae405e96"],"settings":{"title":"Categorie in Evidenza"}},"16214105149e606985":{"type":"featured-articles","disabled":true,"blocks":{"f2786828-4216-4342-ab24-382511c86db1":{"type":"item","settings":{"article":"notizie\/tagliacalli-professionale"}},"2555878b-7b1f-4b61-ad3a-b28a85c7d642":{"type":"item","settings":{"article":"news\/qui-saepe-ratione-reprehenderit-labore-veritatis-animi-tempora-autem"}},"8c332891-1e3e-4805-89ae-38f739cb3304":{"type":"item","settings":{"article":"news\/optio-dicta-ut-earum-veniam-eum-consequatur-laborum"}},"98c08ec6-9ca9-43a2-984c-bf336b9fbe52":{"type":"item","settings":{"article":"news\/maiores-itaque-qui-et"}},"cf9605ca-e217-43f3-93ee-3b21943f25c0":{"type":"item","settings":{"article":"news\/quidem-vero-suscipit-dolore-ad-maiores-deleniti-delectus"}},"532f857d-4f6d-42d2-a06b-7989188b34d7":{"type":"item","settings":{"article":"news\/facilis-ipsam-at-nesciunt-enim"}},"5e05500b-02d2-4d11-a30b-8aa28860e8bd":{"type":"item","settings":{"article":"news\/ut-voluptates-cumque-eligendi-ea-sapiente-rerum-quia"}},"08435eb3-9e5c-4c84-8efd-b5164449b1c3":{"type":"item","settings":{"article":"news\/doloribus-quae-aliquam-accusamus-ea-optio-distinctio-quasi"}}},"block_order":["f2786828-4216-4342-ab24-382511c86db1","2555878b-7b1f-4b61-ad3a-b28a85c7d642","8c332891-1e3e-4805-89ae-38f739cb3304","98c08ec6-9ca9-43a2-984c-bf336b9fbe52","cf9605ca-e217-43f3-93ee-3b21943f25c0","532f857d-4f6d-42d2-a06b-7989188b34d7","5e05500b-02d2-4d11-a30b-8aa28860e8bd","08435eb3-9e5c-4c84-8efd-b5164449b1c3"],"settings":{"title":"Articoli e News"}}},"content_for_index":["16214099630eec9cc3","16214103457aee0d39","162141044380a7180d","16214105149e606985"],"blocks":{"9144908965052497053":{"type":"shopify:\/\/apps\/related-products-also-bought\/blocks\/app-embed\/75cf2d86-3988-45e7-8f28-ada23c99704f","disabled":false,"settings":{}}}},"presets":{"Default":{}}}